"ID","var3"
1,0.146408535307273
2,0.259709859499708
3,0.697945569176227
4,0.830226655816659
5,0.9300751616247
6,0.489000769099221
7,0.626978239044547
8,0.393548107007518
9,0.793706530472264
10,0.905527429422364
