"ID","var1"
1,0.410408665891737
2,0.377420909237117
3,0.696535825496539
4,0.466862649889663
5,0.423627636162564
6,0.0844325097277761
7,0.990841524675488
8,0.596879977732897
9,0.187743028625846
10,0.0393878477625549
